Datapoint (m/s^2), Sample Rate (Hz): 50
2.05565724801883
5.55569230043445
2.55510839080614
4.74352653434832
1.17813216574102
0.380148257185433
5.82310996336417
1.78439909830939
1.66750396471352
4.08470337784681
3.32716346471852
1.12569828840255
3.9421969181876
5.71009706405613
2.93074565860206
3.0513569733768
5.6833394914868
5.77006888922901
2.34321513514071
0.145627892999615
2.97556667283254
4.5816079724157
5.6672024693532
4.37565925066404
2.03670547522102
4.66324968815662
2.88091070393576
2.54156606867682
0.954700870515014
0.073694445608176
0.599107927433887
3.00513556296538
1.09227267951653
2.95538418589423
5.60414041415536
3.92923220558344
5.85380599412772
5.88500529638309
6.85380599412772
6.88500529638309
7.85380599412772
6.88500529638309
6.85380599412772
6.88500529638309
7.85380599412772
6.88500529638309
6.85380599412772
6.88500529638309
7.85380599412772
6.88500529638309
6.85380599412772
6.88500529638309
7.85380599412772
6.88500529638309
5.85380599412772
5.88500529638309
0.803133756072841
2.51284219415942
0.659076133340743
5.62462805347314
2.22984108378173
0.234670845150513
4.63794197872769
5.12173141696532
4.06723100817238
4.33954958008888
2.44877432448226
2.10689074943535
5.47206092498792
4.54874233017969
1.78409493694599
4.49748287007731
1.57303055162233
4.08470805977426
5.3431856137766
3.54160712908614
1.66576022765445
0.631043085042545
2.15021236712316
0.425423165397741
0.703037700600474
5.89338491947254
0.439964072961761
2.6997308272803
4.73334920483095
5.25689049391959
1.11033072461274
2.49255354363338
1.98040585046004
2.74940532876011
1.13886942372415
0.80041586280624
0.27959329578347
5.82730012102306
5.06079444910424
1.62153852057003
3.22990248393017
3.07951126223083
5.61105860797968
5.5955596307037
3.87675676978604
5.74596552259674
0.920295219658926
2.9377230267766
0.65211199111555
1.4912646233132
3.46368558004858
4.7589718396311
5.52250634579829
2.16938014858849
1.30501798397408
0.329875156447688
5.48214524994846
5.1943388765976
1.47519978943374
3.26161708659945
1.55509143093355
3.85772270096105
5.07831796639576
1.97805468316448
0.371837703209166
2.46011136825036
0.224619537203856
3.85860001377016
4.62897773830251
3.52449979731644
1.23993642053184
4.13461735067746
0.981836225778824
4.03360951450744
0.406064101264229
2.82762413611021
0.917619416884266
2.75600500144773
2.08860170752291
4.66545028279783
5.5
6.5
